Title,Link
For Toyota Land Cruiser 100 LC100 2005 2006 2007 Car DVD Player Android 10.0 Multi-functions Stereo ...,https://sourcing.alibaba.com/rfq_detail.htm?p=ID1YQkk2365rGaQOe_2KgGMRiX0Sy68FHpEoS_HXPSCWGDTxpxs1AT4X7f14qOGeQSn&uuid=d5960fae-33a5-425a-8e94-7e3cefb0e658&tracelog=sourcing_list_subject
High Quality Concrete Mixer diesel Concrete Cement Mixer Small Household Mobile Cement Concrete ...,https://sourcing.alibaba.com/rfq_detail.htm?p=ID1YQkk2365rGaQOe_2KgGMRlEh9gjRpC_9c53XfgkieEwOjYHRO3iWKn_bVyljVEvN&uuid=d5960fae-33a5-425a-8e94-7e3cefb0e658&tracelog=sourcing_list_subject
BYD Song Plus 2025 DMI Flagship-160 Km,https://sourcing.alibaba.com/rfq_detail.htm?p=ID1n05fUvw9Bd6BWjnYVDCwKLSRpoWub-XsswEyndbjux97-m-HxOjDCSuBzzLZDuyb&uuid=d5960fae-33a5-425a-8e94-7e3cefb0e658&tracelog=sourcing_list_subject
High Quality Hard Stiff Car air Freshener Sublimation Blank Felt Pad,https://sourcing.alibaba.com/rfq_detail.htm?p=ID1n05fUvw9Bd6BWjnYVDCwKGJ-Yu7zCdfMYOfuwT_58u9paq0_xOk6BdlL6C4tbQ38&uuid=d5960fae-33a5-425a-8e94-7e3cefb0e658&tracelog=sourcing_list_subject
HF Twin Compressor Single Compressor Twin Compressor CKMTA12/24 Tire Inflation Factory Directly,https://sourcing.alibaba.com/rfq_detail.htm?p=ID1uX-OSnWJ-MnTncCNVLt05zLy-4uktVf_lklG9NQwGJSzcQd4eNy22SLgvsoQTfo-&language=ar_AR&uuid=d5960fae-33a5-425a-8e94-7e3cefb0e658&tracelog=sourcing_list_subject
Conjoined Desk and Chair Two Seater Wooden School Furniture Desk and Chair Double School Table and ...,https://sourcing.alibaba.com/rfq_detail.htm?p=ID1ZiUexyJ4SA0ibmlpy2NIcRLx6qFN_1DO5-I6_BcGQlNViVYlvlovlJ7bPuVyuMxb&uuid=d5960fae-33a5-425a-8e94-7e3cefb0e658&tracelog=sourcing_list_subject
Electric pedicab rickshaw,https://sourcing.alibaba.com/rfq_detail.htm?p=ID1ZiUexyJ4SA0ibmlpy2NIcVdU4fE9dHc7J8gq-Ext8_GljTyxQlVV4h-Yfy_9uHT-&uuid=d5960fae-33a5-425a-8e94-7e3cefb0e658&tracelog=sourcing_list_subject
Manufacturer Designed High-Tech Aluminum Sound Proof Barrier Outdoor Highway Noise Reduction Fence,https://sourcing.alibaba.com/rfq_detail.htm?p=ID1sBL69O8D0r29tpH9SQFqBG2FqEKSYUOWzqpVu2Ld78ZBFKzq3lQczsdtckwE4_lF&uuid=d5960fae-33a5-425a-8e94-7e3cefb0e658&tracelog=sourcing_list_subject
RFQ for Firefighting Equipment,https://sourcing.alibaba.com/rfq_detail.htm?p=ID1sBL69O8D0r29tpH9SQFqBCp0bBNph_7os9nI0s45gVqd6J6cb7I5HxgYWw22Xj3t&uuid=d5960fae-33a5-425a-8e94-7e3cefb0e658&tracelog=sourcing_list_subject
3d Tshirt,https://sourcing.alibaba.com/rfq_detail.htm?p=ID1sTxysXApLWmb2tevXys8V0gF9XcHf4b1wr_ng148Q2cCBaC8CFRskqWL8gXS0hTm&uuid=d5960fae-33a5-425a-8e94-7e3cefb0e658&tracelog=sourcing_list_subject
Deye SUN-18K-SG05LP3-EU-SM2 SUN 16KW SG05LP3 SUN-15K-SG05Lp3-EU-SM2 Deye 15Kw 16Kw 18Kw 48V Hybrid ...,https://sourcing.alibaba.com/rfq_detail.htm?p=ID1sTxysXApLWmb2tevXys8V7aqBlhOTJAqjmiHAfKNud9K3ZZ5XB7tK-BLypdIQIFJ&uuid=d5960fae-33a5-425a-8e94-7e3cefb0e658&tracelog=sourcing_list_subject
Bird Spike,https://sourcing.alibaba.com/rfq_detail.htm?p=ID187nu4hmqT8sKIOCmFSAZc8oM1cnPGG4WgcJYemi4wuvbxfkewMMIhAqanK0rqkrI&language=ar_AR&uuid=d5960fae-33a5-425a-8e94-7e3cefb0e658&tracelog=sourcing_list_subject
Compressed Sofa,https://sourcing.alibaba.com/rfq_detail.htm?p=ID187nu4hmqT8sKIOCmFSAZc7-PDyvF4VIPXX1yr3rxHnJV_fLnNljilBNMKGs3Zl6v&uuid=d5960fae-33a5-425a-8e94-7e3cefb0e658&tracelog=sourcing_list_subject
Chinese Wholesale New Crop Fresh Garlic Fresh Garlic Ajo,https://sourcing.alibaba.com/rfq_detail.htm?p=ID1DCxi8vDaY8cTM9oEMyUXVNfjEVzhGmydH0k4E5w4s6ZDy0nQHuLAcko8kU0UFF-R&uuid=d5960fae-33a5-425a-8e94-7e3cefb0e658&tracelog=sourcing_list_subject
Outdoor Giant Custom Inflatable Model Inflatable Cars Factory Price Custom Inflatable Jeep for ...,https://sourcing.alibaba.com/rfq_detail.htm?p=ID1DCxi8vDaY8cTM9oEMyUXVC6olr31DxQ5KM55UKdUkqGsC8bM62rze4odlVgRR6bM&uuid=d5960fae-33a5-425a-8e94-7e3cefb0e658&tracelog=sourcing_list_subject
M6/M8/M10 Eco-Friendly Welding Bead Seam Joint Cleaning Polishing Machine with Copper Head Weld ...,https://sourcing.alibaba.com/rfq_detail.htm?p=ID1s-Sis7akcoR3-Tk2XeAPYxYHNSLdnWLwUndM8liXJDZSogmZOzuh70hPslmBCrTj&uuid=d5960fae-33a5-425a-8e94-7e3cefb0e658&tracelog=sourcing_list_subject
Brass socket,https://sourcing.alibaba.com/rfq_detail.htm?p=ID1s-Sis7akcoR3-Tk2XeAPYyveuS3Viq7EpCP8RAl4oJE5s5yHp5TbF2AWg7znadA8&uuid=d5960fae-33a5-425a-8e94-7e3cefb0e658&tracelog=sourcing_list_subject
office 2024 pp telephone,https://sourcing.alibaba.com/rfq_detail.htm?p=ID1lXiMsv_72B6NIx0TaJMT4_2tqb_btvw9WXP2vwYTz6j-pQH7bp5o9VfkWKDEzfNf&uuid=d5960fae-33a5-425a-8e94-7e3cefb0e658&tracelog=sourcing_list_subject
fabric freshener spray mist,https://sourcing.alibaba.com/rfq_detail.htm?p=ID1W3Oi3QeD0F6rA142LOeMC_Jt2_E_wYnoPCN2lZhpWRDN17QMQV9-Cw8TaZZ8HjBl&uuid=d5960fae-33a5-425a-8e94-7e3cefb0e658&tracelog=sourcing_list_subject
"Aluminum MRI Compatible Wheelchair / 20"" Seat Wide/ Metal Material / for MRI Room 1.5T and 3.0T",https://sourcing.alibaba.com/rfq_detail.htm?p=ID1W3Oi3QeD0F6rA142LOeMC6rZ0axe-K4E-3Zxdpj-NvAL0aLfi5wKmvtqap8CdbCn&language=ar_AR&uuid=d5960fae-33a5-425a-8e94-7e3cefb0e658&tracelog=sourcing_list_subject
